{
  "hash": "1099f68b",
  "configHash": "73a87471",
  "lockfileHash": "62643aa7",
  "browserHash": "5ad5fbb8",
  "optimized": {
    "@angular/core": {
      "src": "../../../../../node_modules/@angular/core/fesm2022/core.mjs",
      "file": "@angular_core.js",
      "fileHash": "f4cb4534",
      "needsInterop": false
    },
    "@angular/platform-browser": {
      "src": "../../../../../node_modules/@angular/platform-browser/fesm2022/platform-browser.mjs",
      "file": "@angular_platform-browser.js",
      "fileHash": "ec8763b8",
      "needsInterop": false
    },
    "@angular/router": {
      "src": "../../../../../node_modules/@angular/router/fesm2022/router.mjs",
      "file": "@angular_router.js",
      "fileHash": "3c843cb5",
      "needsInterop": false
    }
  },
  "chunks": {
    "chunk-UN2XCSBL": {
      "file": "chunk-UN2XCSBL.js"
    },
    "chunk-DW5SNYKA": {
      "file": "chunk-DW5SNYKA.js"
    }
  }
}