{
  "hash": "c4016b72",
  "configHash": "514454e3",
  "lockfileHash": "62643aa7",
  "browserHash": "bff22867",
  "optimized": {
    "@angular/core": {
      "src": "../../../../../node_modules/@angular/core/fesm2022/core.mjs",
      "file": "@angular_core.js",
      "fileHash": "b714fd14",
      "needsInterop": false
    },
    "@angular/platform-browser": {
      "src": "../../../../../node_modules/@angular/platform-browser/fesm2022/platform-browser.mjs",
      "file": "@angular_platform-browser.js",
      "fileHash": "3146c0c1",
      "needsInterop": false
    },
    "@angular/router": {
      "src": "../../../../../node_modules/@angular/router/fesm2022/router.mjs",
      "file": "@angular_router.js",
      "fileHash": "e6532430",
      "needsInterop": false
    }
  },
  "chunks": {
    "chunk-UN2XCSBL": {
      "file": "chunk-UN2XCSBL.js"
    },
    "chunk-DW5SNYKA": {
      "file": "chunk-DW5SNYKA.js"
    }
  }
}